videoId,title,channelTitle,publishedAt,viewCount,likeCount,description
3cT5ML2l7KQ,VonOff1700 - Seen First (Official Video),VonOff1700,2025-10-21T19:00:02Z,180016,13257,"Follow Socials :
https://www.instagram.com/vonoff1700/
#vonoff1700..."
a6lzvWby9UE,Pluribus â€” Official Trailer | Apple TV,Apple TV,2025-10-22T13:59:51Z,230780,9011,"We hope you enjoy the trailer, Carol.

Pluribus premieres November 7 on Apple TV https://apple.co/_Pluribus

Subscribe to Apple TVâ€™s YouTube channel: https://apple.co/AppleTVYouTube

Follow Apple TV:
..."
GEMaj3iOQw0,Brawl Stars is turning upside down!,Brawl Stars,2025-10-22T11:01:36Z,1720280,62734,"Download NOW!! â–ºâ–º https://supr.cl/2K62CZG
Subscribe!! â–ºâ–º https://supr.cl/subscribe

An epic battle royale made for mobile! Play with friends or solo across various game modes in under three minutes.

..."
xapibmVTQOU,Feelings Koros (feat. Beejoh & Nineden),Gobby YT - Topic,2025-10-17T19:20:49Z,40348,1396,"Provided to YouTube by DistroKid

Feelings Koros (feat. Beejoh & Nineden) Â· Gobby YT Â· Beejoh Â· Nineden Â· Nineden Â· Beejoh Â· Gobby YT Â· Markii

Feelings Koros (feat. Beejoh & Nineden)

â„— Doggie 743 Re..."
eNaY10DQkJw,No Man's Sky Breach Trailer,HelloGamesTube,2025-10-22T12:57:07Z,92898,11576,"Introducing...No Man's Sky Breach

Uncover the tragic fate of the lost Fireship Arcadia corvette ship in No Man's Sky's all-new ""Breach"" update. Free to existing players. Journey through the purple-st..."
9_ofCQ0eOTc,Taco Tuesday Admin Abuse + New BRAINROTS!,CaylusBlox,2025-10-21T23:07:13Z,2199691,34054,"âš ï¸Go play my new game DUMPâš ï¸:
https://www.roblox.com/games/98868317791094/DUMP-ALPHA

ğŸ¤¯NEW HOODIE & PLUSHIE
https://shopcaylus.com

ğŸ¯ Play Waterpark Simulator NOW! 
https://store.steampowered.com/app/..."
EV9bpkZD-rk,mgk - no cell phones in rehab,mgk,2025-10-21T16:25:06Z,331553,26292,"mgk's  ""no cell phones in rehab"" from 'Tickets To My Downfall (All Access)' available now - https://mgk.lnk.to/ncpir  

Follow mgk:
https://www.instagram.com/machinegunkelly
https://www.tiktok.com/@mg..."
i36Zw32GfRQ,Reminders of Him | Official Trailer,Universal Pictures,2025-10-21T15:00:23Z,6794088,13444,"You canâ€™t rewrite the past, but you can start again. Watch the trailer for #RemindersOfHim now.

From Colleen Hoover, the best-selling author of It Ends With Us. Only in theaters March 13.
-----
Insta..."
FZmddh1MuyE,never should've played this again,CoryxKenshin,2025-10-20T20:50:43Z,3915141,328525,"WELCOME, back to Those Nights at Fredbears! Refer to title.
READ MY MANGA: https://monsterswemake.com/
Official CxK Merchandise: https://coryxkenshin.com/

Instagram â–º http://instagram.com/coryxkenshi..."
SlP_d8cKoW4,Blo Ft Lil Baby - Kiss & Tell  (prod. By 2havinn),Blo,2025-10-21T18:58:47Z,56835,5592,"Follow BLO  
Instagram: https://instagram.com/lilhot_5?igshid=YmMyMTA2M2Y=
Twitter: https://twitter.com/lilhot5_ 

Produced by @2haviin 

Listen to BLO
Spotify : https://open.spotify.com/artist/2gVDLJ..."
98xUkIDUPVg,Being Eddie | Official Trailer | Netflix,Netflix,2025-10-22T13:30:00Z,64672,3581,"Thereâ€™s only one Eddie Murphy. At 17, he was already performing stand-up in New York clubs, and a year later joined Saturday Night Live straight out of high school. From Beverly Hills Cop to The Nutty..."
sJuv8iRtRek,Steal A Brainrot WANTS ME DEAD..,Foltyn,2025-10-21T18:50:14Z,1411170,18225,"Today I played steal a brainrot, but it wants me DEAD! Make sure you watch the whole video to find out what happens.

Merch: https://foltyn.shop/

Join this channel to get access to perks:
https://www..."
SiP2kYjd9H4,MILGRAM -ãƒŸãƒ«ã‚°ãƒ©ãƒ - / ãƒ ã‚¦ã€Œãƒšã‚¤ãƒ³ã€ç¬¬ä¸‰å¯©MV,MILGRAM -ãƒŸãƒ«ã‚°ãƒ©ãƒ -,2025-10-22T10:00:08Z,249687,26647,"ã€ŒãŸã£ã·ã‚Šç—›ã¿ã‚’èˆã‚ã¦ã­ã€

Vocal: ãƒ ã‚¦ (CV: é¦™é‡Œæœ‰ä½)

ç¬¬ä¸‰å¯© 3rd EP ãƒ ã‚¦ (CV: é¦™é‡Œæœ‰ä½)ã€Œãƒšã‚¤ãƒ³ã€2025å¹´10æœˆ22æ—¥ç™ºå£²
â– CDè©³ç´°
https://amnibus.com/products/detail/87701

ã€Œãƒšã‚¤ãƒ³ã€DL & ã‚µãƒ–ã‚¹ã‚¯é…ä¿¡ä¸­ï¼
https://nex-tone.link/A00203670

ã€Œãƒšã‚¤ãƒ³ã€ã‚¤ãƒ³ã‚¹ãƒˆéŸ³æº
https:/..."
2DuX1l-clGY,Honest Trailers | The Thing,Screen Junkies,2025-10-21T17:00:03Z,203648,14580,"It's time for the Honest Trailer for The Thing (1982)! We love this movie, and if you don't, you might be a shapeshifting alien. It's got everything: Kurt Russell, John Carpenter, flamethrowers, autop..."
B5Y7z8PoXkM,Oh it's so much worse..,Asmongold TV  ,2025-10-22T01:30:09Z,923993,30569,"â–º Asmongold's Twitch: https://www.twitch.tv/zackrawrr
â–º Asmongold's X: https://x.com/asmongold
â–º Asmongold's Kick: https://kick.com/asmongold
â–º Asmongold's Sub-Reddit: https://www.reddit.com/r/Asmongo..."
pCv0oP9JLKw,Morgan Wallen - 20 Cigarettes (Official Music Video),MorganWallenVEVO,2025-10-20T18:01:00Z,658202,23881,"Listen to Morgan Wallen's new album, â€œIâ€™m The Problemâ€ here: https://morganwallen.lnk.to/ImTheProblemAlbum 

Stay connected for exclusive updates:
â–¸Mailing List & Text Sign Up: https://MorganWallen.ln..."
OFFSMczwd7o,Battlefield 6 - Official Season 1 Gameplay Trailer,IGN,2025-10-22T15:25:44Z,23509,1135,"Take a look at the Season 1 Gameplay Trailer for Battlefield 6, the latest addition to the first-person action online shooter developed by DICE, Battlefield Studios, and EA. 

Players can soon gain ac..."
97rKhM_i9LU,My Neighbor Is Creepyâ€¦,CaseOh,2025-10-21T22:00:18Z,462826,17565,"CaseOh X Starforge  https://starforgepc.com/CaseOh 
GamerSupps -10% off Code CaseOh -  https://gamersupps.gg/
Merch - https://caseohgames.com/
Cheeky - https://usecheeky.com/
Kitty Thumbsticks - https..."
GodmYPfMaio,"Ayra Starr, Rema - Whoâ€™s Dat Girl (Official Music Video)",AyraStarrVEVO,2025-10-21T17:00:06Z,1374667,80638,"Ayra Starr & Rema - Who's Dat Girl?

Listen to 'Who's Dat Girl?' here - http://www.ayrastarr.lnk.to/WDG

Follow Ayra Starr
Instagram: https://www.instagram.com/ayrastarr/
TikTok: https://www.tiktok.co..."
qsxuKT8BMQE,Wicked: For Good | You Don't Wanna Miss This,Wicked: For Good,2025-10-21T21:00:20Z,63207,4344,"You donâ€™t wanna miss this. #WickedForGood only in theaters November 21!

Pre-order Wicked: For Good - The Soundtrack ğŸ’šğŸ©· available November 21st at https://wickedthesoundtrack.lnk.to/forgood
-----
TikT..."
qCHmD77VqH0,The Justice System Has Failed Us...,SMii7Y,2025-10-21T19:43:00Z,1095198,51121,"We've been locked up and they threw away the key... Luckily I have a spare somewhere I can't disclose.

Use code S7 on Gamer Supps for 10% OFF your order
Get my GamerSupps flavor, GOOD here!: https://..."
YcpMVsvK8pk,Madison Beer - bittersweet (Official Music Video),MadisonBeerMusicVEVO,2025-10-21T02:00:06Z,1100281,93165,"Madison Beer - bittersweet (Official Music Video)

""bittersweet"" available at: https://madisonbeer.lnk.to/bittersweet

Follow Madison:
Instagram: https://www.instagram.com/madisonbeer
Twitter: https:/..."
hZX4IgShvg0,Pluribus | Official Trailer,Breaking Bad & Better Call Saul,2025-10-22T13:59:51Z,55210,5415,"We hope you enjoy the trailer, Carol. Pluribus premieres November 7 on Apple TV.

Watch Breaking Bad Now: http://AAN.SonyPictures.com/BreakingBad
Some of the links in above are affiliate links, we may..."
BjNNkG4YlZY,I Got Hunted By Minecraft's Smartest Player,Wemmbu,2025-10-22T11:12:49Z,705360,57800,"help me bro i'm scared

I Got Hunted By Minecraft's Smartest Player

music from:
https://www.youtube.com/channel/UC9UKPs9ZisfhMJdalnETLRg (tons of the music I use is by AZALI so check him out!)

This ..."
z7Y1scppIV0,"Jezzy, Arcangel - Que SensaciÃ³n Remix",Jezzy El Chef,2025-10-21T20:47:42Z,324594,60720,"Jezzy, Arcangel - Que SensaciÃ³n Remix
Prod by Herido No Muerto & Chael Produciendo 

Disponible en todas la plataformas
https://sym.ffm.to/quesensacionrmx

Si te gustÃ³ este video comenta debajo y no o..."
kqtD5dpn9C8,Python for Beginners - Learn Coding with Python in 1 Hour,Programming with Mosh,2020-09-16T13:00:20Z,22949670,527546,"Learn Python basics in just 1 hour! Perfect for beginners interested in AI and coding. âš¡ Plus, get 6 months of PyCharm FREE with the coupon in the description!

â¤ï¸ Join this channel to get access to p..."
K5KVEU3aaeQ,Python Full Course for Beginners [2025],Programming with Mosh,2025-02-12T12:30:31Z,3798960,93836,"Master Python from scratch ğŸš€ No fluffâ€”just clear, practical coding skills to kickstart your journey! 

â¤ï¸ Join this channel to get access to perks:
https://www.youtube.com/channel/UCWv7vMbMWH4-V0ZXdmD..."
_uQrJ0TkZlc,Python Full Course for Beginners,Programming with Mosh,2019-02-18T15:00:08Z,46058557,1219216,"Learn Python for AI, machine learning, and web development with this beginner-friendly course! ğŸš€ Get 6 months of PyCharm FREE with the coupon in the description!

â¤ï¸ Join this channel to get access to..."
g9fIWtSexLs,ALL Python Programmers Should Know This!! #python #programming #coding,b001,2022-11-14T00:38:55Z,2543326,147378,"â­ Join the Byte Club to practice your Python skills! ($2.99/mo): https://www.youtube.com/channel/UCTrAO0TDCldnYUN3BkLmGcw/join
ğŸ¦ Follow me on Twitter: https://twitter.com/b001io

This quick demonstrat..."
nluUYtejoIE,Python Basics: Your FIRST Program in Under a Minute! ğŸš€,The Programmers Realm,2024-06-21T07:55:33Z,608756,9217,"In this quick tutorial, Iâ€™ll show you how to write your very first line of Python code: the classic ""Hello, World!"" ğŸŒâœ¨

Whether you're a total beginner or brushing up on your basics, this video will g..."
fWjsdhR3z3c,Learn Python in Less than 10 Minutes for Beginners (Fast & Easy),Indently,2021-05-26T12:32:40Z,1044538,24381,"In this crash course I'll be teaching you the basics of Python in less than 10 minutes. Python is super easy to learn compared to the other languages!

Download Python: https://www.python.org/
Downloa..."
F2Mx-u7auUs,How to learn Python programming | Guido van Rossum and Lex Fridman,Lex Clips,2022-11-29T01:00:04Z,557962,15349,"Lex Fridman Podcast full episode: https://www.youtube.com/watch?v=-DVyjdw4t9I
Please support this podcast by checking out our sponsors:
- GiveDirectly: https://givedirectly.org/lex to get gift matched..."
x7X9w_GIm1s,Python in 100 Seconds,Fireship,2021-10-25T15:19:28Z,2935124,113729,"Python is arguably the world's most popular programming language. It is easy to learn, yet suitable in professional software like web applications, data science, and server-side scripts. https://fires..."
U4XFsob9GeE,Python Programming Tutorial: The Basics!,Wiibiplay,2025-10-21T15:03:33Z,225,0,"Learn Python programming from scratch in this beginner-friendly tutorial! ğŸš€ In this video, weâ€™ll cover the absolute basics of Python â€” from installation and setup to writing your first â€œHello, World!â€..."
80yIVH2aOy0,python programming|python for beginners|python full course,Monu institute ,2025-06-06T00:51:25Z,447147,8572,"python programming|python for beginners|python full course

ğŸ‘‰@monuinstitute
python tutorial, learn python, python basics, python projects, machine learning, coder, python zero to hero, python for data..."
GfWRxr1OBm4,Python Basics: The Best Way to Learn Python Programming (2024),Monu institute ,2024-12-29T01:57:30Z,1168541,17008,"Python Basics: The Best Way to Learn Python Programming (2024)
ğŸ‘‰@monuinstitute

Some of you asked me about Python courses for further learning. I strongly recommend you not to buy any overpriced cours..."
ZqS_lnqSgeY,3 EASY Python Project Ideas!! #python #programming #coding,b001,2023-04-04T23:35:39Z,1895278,142661,"This short gives a few Python project ideas for beginners to do!

Background Music:
 Rain, Book And Cup Of Tea by | e s c p | https://escp-music.bandcamp.com
Music promoted by https://www.free-stock-m..."
fXxUYb0s-pc,Impress your crush using Python Code â¤ï¸,AI Toolz,2022-04-07T05:03:39Z,1508693,27118,"Code with explanation is here:

https://aitoolz.ai/impress-your-crush-using-python-code/..."
q2-pnQffZik,Learn Python for FREE in 2025,Sajjaad Khader,2024-12-31T02:30:33Z,639228,17358,"Learn Python for FREE in 2025 #coding #compsci #python #fyp 


Source: TikTok (individualkex)..."
nLRL_NcnK-4,Harvard CS50â€™s Introduction to Programming with Python â€“ Full University Course,freeCodeCamp.org,2023-05-01T13:55:40Z,7285647,199678,"Learn Python programming from Harvard University.  It dives more deeply into the design and implementation of web apps with Python, JavaScript, and SQL using frameworks like Django, React, and Bootstr..."
NGlX-1jhYJE,How to Learn to Code,Gohar Khan,2025-07-09T19:17:24Z,4826466,205285,...
mRMmlo_Uqcs,you need to learn Python RIGHT NOW!! // EP 1,NetworkChuck,2021-08-14T17:22:45Z,2772381,111352,"What I use to learn (the BEST IT training): https://ntck.co/itprotv (30% off FOREVER) *affiliate link


ğŸ”ğŸ”FREE Python Lab: https://ntck.co/python
Support the course: https://ntck.co/pythonrightnow


ğŸ”¥..."
Sl4zqWLC9Xw,Fastest way to learn Python #coding #python #programming,Sahil & Sarra,2023-08-30T13:00:21Z,2147802,199245,"Fastest way to learn Python
.
â£ï¸ Save for later and subscribe for more!
.
ğŸ™Œ For more content like this: https://www.youtube.com/PowerCouple26
ğŸ™Œ Stay tuned for future Q&A and AMA sessions: https://www...."
W-8j4MrsX2s,Amazing Flower Design using Python turtle ğŸ¢ #python #coding #funny #viral #trending #design,DEV19,2023-05-24T13:15:02Z,1256723,52393,"Python Projects for Begineers
Python Turtle
Programming with Turtle
Turtle Graphics
Drawing with Python Turtle
Python Turtle Tutorial
Python Turtle Project
Beginner Python Turtle
Python Turtle Animati..."
Ro_MScTDfU4,Learn Python in Only 30 Minutes (Beginner Tutorial),Indently,2024-11-18T14:00:24Z,284926,9237,"In this video Iâ€™m going to be teaching you the core concepts that you need to know to get started with using Python. 

â–¶ Become job-ready with Python:
https://www.indently.io

â–¶ Follow me on Instagram..."
i_LwzRVP7bg,Machine Learning for Everybody â€“ Full Course,freeCodeCamp.org,2022-09-26T16:00:28Z,9254461,97327,"Learn Machine Learning in a way that is accessible to absolute beginners. You will learn the basics of Machine Learning and how to use TensorFlow to implement many different concepts.

âœï¸ Kylie Ying d..."
ukzFI9rgwfU,Machine Learning | What Is Machine Learning? | Introduction To Machine Learning | 2024 | Simplilearn,Simplilearn,2018-09-19T14:57:02Z,5241101,66201,"""ï¸â€ğŸ”¥Purdue - Professional Certificate in AI and Machine Learning - https://www.simplilearn.com/pgp-ai-machine-learning-certification-training-course?utm_campaign=ukzFI9rgwfU&utm_medium=DescriptionFFF&..."
qYNweeDHiyU,"AI, Machine Learning, Deep Learning and Generative AI Explained",IBM Technology,2024-08-05T11:00:52Z,2362051,56556,"Want to learn more about Agentic AI + Data? Register here â†’  https://ibm.biz/BdeGLe

Want to play with the technology yourself? Explore our interactive demo â†’ https://ibm.biz/BdKSer

Join Jeff Crume a..."
NWONeJKn6kc,Machine Learning Course for Beginners,freeCodeCamp.org,2021-08-30T13:23:10Z,1918985,55088,"Learn the theory and practical application of machine learning concepts in this comprehensive course for beginners.

ğŸ”— Learning resources: https://github.com/ayush714/ML001-Project-Sources-Code-and-Le..."
RfiOYWyT5dI,Machine Learning Specialization Full Course,Machine Learning and Data Science made Easier,2025-10-19T13:36:38Z,13570,766,"ğŸ¤– Machine Learning Specialization â€“ Full Course for Beginners to Advanced

Master the fundamentals of Machine Learning and Artificial Intelligence in this complete specialization! This video covers su..."
PeMlggyqz0Y,Machine Learning Explained in 100 Seconds,Fireship,2021-09-09T17:31:56Z,923693,36062,Machine Learning is the process of teaching a computer how perform a task with out explicitly programming it. The process feeds algorithms with large amounts of data to gradually improve predictive pe...
h0e2HAPTGF4,11. Introduction to Machine Learning,MIT OpenCourseWare,2017-05-19T14:22:40Z,1767533,25358,"MIT 6.0002 Introduction to Computational Thinking and Data Science, Fall 2016
View the complete course: http://ocw.mit.edu/6-0002F16
Instructor: Eric Grimson

In this lecture, Prof. Grimson introduces..."
7IgVGSaQPaw,The Complete Machine Learning Roadmap,Programming with Mosh,2024-07-18T13:00:06Z,809023,23075,"Go from zero to a machine learning engineer in 12 months. This step-by-step roadmap covers the essential skills you must learn to become a machine learning engineer in 2024. 

â¤ï¸ Join this channel to ..."
8c1YqIIzZ-k,Hands on intro to Scikit-learn & Simple Linear Regression | Machine Learning for Beginners Part 4,Physics learning with LG,2025-10-20T18:50:00Z,20,0,"Welcome to Part 4 of our Machine Learning for Beginners series! ğŸ“ In this video, we introduce Scikit-learn, the go-to Python library for machine learning, and walk you through building your first Simp..."
jGwO_UgTS7I,"Stanford CS229: Machine Learning Course, Lecture 1 - Andrew Ng (Autumn 2018)",Stanford Online,2020-04-17T20:07:45Z,3902731,51588,"For more information about Stanfordâ€™s Artificial Intelligence professional and graduate programs, visit: https://stanford.io/ai

Listen to the first lecture in Andrew Ng's machine learning course. Thi..."
9gGnTQTYNaE,What is Machine Learning?,IBM Technology,2021-07-14T14:07:15Z,324390,5734,"Learn about watsonx: https://ibm.biz/BdvxRR

What is Machine Learning and how do businesses leverage it today? How does Machine Learning differ from Artificial Intelligence (AI) and Deep Learning, or ..."
Gv9_4yMHFhI,A Gentle Introduction to Machine Learning,StatQuest with Josh Starmer,2018-11-26T17:00:01Z,1386773,22457,"Machine Learning is one of those things that is chock full of hype and confusion terminology. In this StatQuest, we cut through all of that to get at the most basic ideas that make a foundation for th..."
E0Hmnixke2g,All Machine Learning algorithms explained in 17 min,Infinite Codes,2024-09-17T08:57:32Z,1464213,56714,"All Machine Learning algorithms intuitively explained in 17 min

#########################################
I just started my own Patreon, in case you want to support!
Patreon Link: https://www.patreon..."
PcbuKRNtCUc,Essential Machine Learning and AI Concepts Animated,freeCodeCamp.org,2025-04-22T15:40:29Z,213544,8200,"Learn about all the most important concepts and terms related to machine learning and AI.

Course developed by https://www.youtube.com/@turingtimemachine

â¤ï¸ Support for this channel comes from our fr..."
0YdpwSYMY6I,All Machine Learning Models Clearly Explained!,AI For Beginners,2025-02-02T18:35:04Z,353061,11912,"#ml #machinelearning #ai #artificialintelligence #datascience #regression #classification
ğŸ”¥ In this video, we explain every major Machine Learning algorithm. 
Regression models: Linear Regression, Pol..."
9vM4p9NN0Ts,Stanford CS229 I Machine Learning I Building Large Language Models (LLMs),Stanford Online,2024-08-27T22:02:57Z,1607488,43550,"For more information about Stanford's Artificial Intelligence programs visit: https://stanford.io/ai

This lecture provides a concise overview of building a ChatGPT-like model, covering both pretraini..."
PFbXCIMlfc8,"What I *actually* do as a Machine Learning Engineer (salary, job, reality)",Egor Howell,2025-03-16T08:56:24Z,117750,3397,"Datacamp Machine Learning Fundamentals Track â†’ https://datacamp.pxf.io/MAB3BN
Datacamp Machine Learning Engineer Career Track â†’ https://datacamp.pxf.io/7aOkOO
Prerequisites - Datacamp Associate Data S..."
4RixMPF4xis,AI vs Machine Learning,IBM Technology,2023-04-10T11:00:03Z,1454843,42386,"Learn more about watsonx: https://ibm.biz/BdvxDS

What is really the difference between Artificial intelligence (AI) and machine learning (ML)? Are they actually the same thing? In this video, Jeff Cr..."
q6kJ71tEYqM,Machine Learning vs Deep Learning,IBM Technology,2022-03-31T11:00:32Z,876102,27278,"Learn about watsonx  â†’ https://ibm.biz/BdvxDm

Get a unique perspective on what the difference is between Machine Learning and Deep Learning - explained and illustrated in a delicious analogy of order..."
qNxrPri1V0I,Learn Machine Learning Like a GENIUS and Not Waste Time,Infinite Codes,2024-11-14T15:44:06Z,1023076,64185,"Learn Machine Learning Like a GENIUS and Not Waste Time

#########################################
I just started my own Patreon, in case you want to support!
Patreon Link: https://www.patreon.com/c/I..."
7rYyeSmvwE0,Chill Fall Morning & Warm Jazz Music ğŸ‚ Cozy Coffee Shop Ambience with Smooth Jazz Instrumental Music,Relax Jazz Cafe,2025-10-22T10:15:40Z,5110,6162,"Chill Fall Morning & Warm Jazz Music ğŸ‚ Cozy Coffee Shop Ambience with Smooth Jazz Instrumental Music

ğŸ‘‰ï¸ğŸ¼ Let's experience the great music on Spotify of Relax Jazz Cafe: https://open.spotify.com/playl..."
JkF64nTdNvY,Ibiza Summer Mix 2025 ğŸ“ Best Of Tropical Deep House Music Chill Out Mix 2024 ğŸ“ Chillout Lounge,Magic Club,2025-10-22T11:39:39Z,6747,2188,"Ibiza Summer Mix 2025 ğŸ“ Best Of Tropical Deep House Music Chill Out Mix 2024 ğŸ“ Chillout Lounge
ğŸŸ¢ Stream/Download: https://listen.magicrelaxmusic.com/deep/spotify:auto

#summermix #deephousemix #DeepMu..."
KA6nulKA490,Autumn Jazz Music ğŸ‚ Cozy Porch Ambience with Relaxing Jazz Instrumental Music & Crackling Fireplace,Relax Jazz Cafe,2025-10-22T02:47:32Z,21372,6202,"Autumn Jazz Music ğŸ‚ Cozy Porch Ambience with Relaxing Jazz Instrumental Music & Crackling Fireplace

ğŸ‘‰ï¸ğŸ¼ Let's experience the great music on Spotify of Relax Jazz Cafe: https://open.spotify.com/playli..."
sr_qh33LsKQ,Marino - Lust (feat. Alexandria),Marino,2025-10-14T04:00:07Z,6873301,106152,"Marino, Alexandria - Lust (Official Lyric Video)
https://broke.ffm.to/marino-lust

Marino
https://www.instagram.com/iluvmarino/
https://www.tiktok.com/@marinosmusic

Alexandria
https://www.tiktok.com/..."
6wmDlk-7aMk,YLL LIMANI - LARG (Official Music Video),Yll Limani,2025-07-31T16:00:07Z,17427577,37104,"YLL LIMANI - LARG (Official Music Video)

Subscribe to my YouTube channel here: https://lnk.to/subscribeYllLimani
Turn on the ğŸ”” to be notified for all the new songs.

Produced by: Panda & Masy Beats
L..."
-ORL3V6dqG8,The Evolution of Eminem,Fiscoos elevated music opinions ,2025-05-19T02:28:38Z,8660102,194696,#eminem #withoutme #theeminemshow #themarshallmatherslp #song #top10 #rapper #album #review #rating #ranking #fiscooemo #rap #hiphop #rnb #rnb #shorts...
vB0V3iCSzQw,"GURU RANDHAWA - ""AZUL""  MV",Guru Randhawa,2025-08-06T05:30:04Z,126547145,1309874,"Official Video for AZUL perfomed by Guru Randhawa and Anshika Pandey

Song - AZUL
Singer - Guru Randhawa
Lyrics - Guru Randhawa , Gurjit Gill
Composer - Guru Randhawa
Music Produced by - Lavish Dhiman..."
BnAJHH6vmlo,AURA = â™¾ï¸ | ABSOLUTELY BEST AURA MUSIC PLAYLIST 2025 ğŸ”¥,EMPIRE PHONK,2025-10-22T09:15:02Z,6957,161,"AURA = â™¾ï¸ | ABSOLUTELY BEST AURA MUSIC PLAYLIST 2025 ğŸ”¥

ğŸ”¥ WELCOME TO EMPIRE PHONK ğŸ”¥

We love music and strive to bring it in the highest quality possible! We are a channel specializing in Phonk, deliv..."
EL3sr5nYBQA,Nonny Muji - Lo Bhuti (Music Video),Nonny Muji,2025-10-22T18:00:06Z,1100,534,"Shot by Slowman films, lead actor Senzo Radebe
Directors Nonny Muji and Maverick Muji..."
Pul4eWvOsl4,(Top 1 Viral) OPM Acoustic Love Songs 2025 Playlist ğŸ’— Best Of Wish 107.5 Song Playlist 2025,OPM Wish 2025,2025-10-21T22:00:29Z,14577,45,"(Top 1 Viral) OPM Acoustic Love Songs 2025 Playlist ğŸ’— Best Of Wish 107.5 Song Playlist 2025
â–¬â–¬â–¬â–¬â–¬â–¬â–¬â–¬â–¬â–¬â–¬â–¬â–¬â–¬â–¬â–¬â–¬â–¬â–¬â–¬â–¬â–¬â–¬â–¬â–¬â–¬â–¬
ğŸ’–ğŸ’–ğŸ’–It has been proven that listening to relaxing music every day is good for hea..."
4xq5QzNG-m8,BAD OMENS - Dying To Love (Official Music Video),SUMERIAN,2025-10-22T17:30:03Z,50586,15922,"BAD OMENS // DYING TO LOVE // OUT NOW

Buy / Stream â€˜Dying To Loveâ€™: https://sumerian.lnk.to/dyingtolove

Song Credits
Writer: Noah Sebastian
Writer: Joakim Karlsson
Writer: Michael Taylor
Producer: N..."
fTKqtvXjkvo,Top Hits 2025 ~ Summer Playlist 2025 ~ Top Songs 2025 Trending Music ğŸ¶ğŸ§,Revive Music,2025-06-27T18:54:01Z,14207042,35851,"Welcome to your ultimate summer soundtrack. This summer playlist is packed with the top hits 2025, blending the biggest chart-topping singles, viral TikTok anthems, and the most played top pop songs o..."
oXJXNLVEZUc,Kodak Black - How To Let Go [Official Music Video],Kodak Black,2025-10-20T19:41:32Z,290985,19867,"Kodak Black - How To Let Go [Official Video]

Follow Kodak Black
https://twitter.com/KodakBlack1k
https://facebook.com/TheRealKodakBlack
https://instagram.com/kodakblack
https://soundcloud.com/kodak-b..."
w4Eq0Tm7Vlg,The Darkest Songs in History ğŸ¤”,hxsain,2025-07-11T18:34:58Z,3491576,131749,"The Darkest Songs in History ğŸ¤”

Join My Secret Discord: 
https://discord.gg/hxsain

Socials:
ğŸ¦ Twitter âœ https://twitter.com/hxsain
ğŸ¦ Instagram âœ https://www.instagram.com/hxsainn
ğŸ¦ TikTok âœ https://w..."
OGv_GjyPdu4,Ibiza Summer Mix 2025 ğŸ“ Best Of Tropical Deep House Music Chill Out Mix 2024 ğŸ“ Chillout Lounge,Magic Club,2025-10-21T10:05:05Z,17104,3388,"Ibiza Summer Mix 2025 ğŸ“ Best Of Tropical Deep House Music Chill Out Mix 2024 ğŸ“ Chillout Lounge
ğŸŸ¢ Stream/Download: https://listen.magicrelaxmusic.com/deep/spotify:auto

#summermix #deephousemix #DeepMu..."
fN_Vq5FMTWs,"""He's probably out cheating"" ğŸ˜­ğŸ’”",Music Media,2025-09-23T20:06:26Z,15894865,329820,"Credit: whyk4re ğŸ¥, Young Dylan ğŸ¥, Law&Crime Network ğŸ¥, YNW Melly ğŸ¥
We respect copyright laws and comply with takedown requests. If you believe your rights have been infringed, please contact us for pr..."
QrPLf0oymPE,"Ian Cordova ""Linda Mujer"" Video Oficial",Ian Cordova Oficial ,2025-05-01T20:00:06Z,115262714,503661,"Y si quieres un castillo dorado eso te darÃ©

#iancordova #rap #reggaeton #regionalmexicano 

Gracias por el apoyo, sÃ­ganme y escuchen mi mÃºsica. ğŸ‘‡ğŸ»
https://awal.ffm.to/lindamujer

Instagram-   / ianco..."
G5c7jBadE9A,"""What song carried 2020?"" ğŸ¤”ğŸ”¥",Music Media,2025-09-22T23:29:41Z,2084716,60876,"Credit: Ratatouille (2007) ğŸ¥, Lyrical Lemonade ğŸ¥, Lil Mosey ğŸ¥, Rolling Loud ğŸ¥
We respect copyright laws and comply with takedown requests. If you believe your rights have been infringed, please contac..."
tCNiIbnJ9BI,FishingğŸ”¥ #fishing #cooking #survival #carpfishing #food,VKADRE_KZ ,2025-02-01T12:49:28Z,368443846,6211976,...
9FLFC19T2p4,No B.S cooking episode 1,Jose.elcook,2025-10-16T06:04:54Z,2557626,183847,...
hziqTqnleM0,I Cooked Every Bird in the World,Max the Meat Guy,2025-05-23T18:39:15Z,49721785,2506817,"Check out MaxJerky here! https://www.maxjerky.com/pages/all-products
â€”â€”â€”â€”â€”
SUBSCRIBE and RING THE BELL to get notified when I post a video!

PLATFORMS
-Snapchat: https://www.snapchat.com/add/maxthemea..."
BKjPYqFC05g,Expensive Chicken Sandwich #cooking #food #foodasmr #recipe,Louis Gantus,2024-06-26T18:59:09Z,13277185,0,...
6Db60rwdOuY,How To Cook Blue Lobster,Nick DiGiovanni,2024-10-16T19:01:07Z,30535287,1093109,#lobster #joke #shorts...
iczZQVnKzIQ,Rating EVERY Outdoor Boys Meal,Max the Meat Guy,2025-07-21T20:50:36Z,14991217,942946,"Check out MaxJerky here! https://www.maxjerky.com/pages/all-products
â€”â€”â€”â€”â€”
SUBSCRIBE and RING THE BELL to get notified when I post a video!

PLATFORMS
-Snapchat: https://www.snapchat.com/add/maxthemea..."
AvhZLBxrH4A,Oklahoma Onion Smash Burger! ğŸ” ğŸ§…,Cooking with Kian,2025-06-20T16:04:24Z,20816639,559421,...
xK0tIoqgEIc,"Wagyu, Lobster, Truffles, Uni, Garlic",Ian Fujimoto,2025-06-14T15:23:58Z,4788503,300155,"Japanese A5 Wagyu w/ Truffle Butter, Lobster Tails w/ Uni Butter, DB Mashed Potatoâ€™s w/ Wagyu Fat  #cooking #recipe #easyrecipe #quickrecipe #easylunch #easydinner #quicklunch #quickdinner #healthyrec..."
DBmq18buMIo,My Kids Wanted Cheeseburgers #shorts #cooking #recipe,Meatlicious,2025-06-20T13:51:10Z,1675669,65170,...
CpZEdOqC5-Y,I Tested EXTREME Chicken Recipes,Max the Meat Guy,2025-09-17T18:15:42Z,8547859,552857,"From seaweed wrapped, to buried in dirt and everything in betweenâ€¦ today we are trying extreme chicken cooking recipes!

Whatâ€™s your favorite way to cook chicken?

Check out MaxJerky here! https://www..."
29a7_Y0WIOo,Trying to feed a picky eater #cooking #recipe #foodasmr #food,Louis Gantus,2025-04-20T18:57:02Z,6827246,0,...
Ef16KZFk1jA,Chicken Parm Sandwich! @itsQCP,Cooking with Kian,2025-10-11T16:54:13Z,1224238,70473,...
VrydNMFT8f4,would you eat this? #asmr #cooking,Zach Choi,2025-08-18T01:30:20Z,17420364,474421,"Best of Zach Choi Foods | MUKBANG | COOKING | ASMR 

Check out my TikTok: http://www.tiktok.com/@thezachchoi
Check out my Instagram: http://www.instagram.com/zachchoi
Check out my Facebook: http://www..."
dv7BDkQmvhA,How to Cook with Ice ğŸ§Š,Iron Chef Dad,2024-04-01T15:25:24Z,223719023,7436909,"Leave a like, subscribe & hit the notification button!


Business Inquiries: jetbentlee@gmail.com..."
eZ-iSuiBkZE,Me when Iâ€™m cookingâ€¦,Bayashi TV,2025-09-03T08:39:07Z,17718965,422701,...
wx67BStCv94,3 Levels of Ramen!?!,Cooking With Lynja,2022-07-09T15:19:33Z,134344081,5120718,...
E_gckbY2HjE,Cooking Every EXOTIC Salmon,Max the Meat Guy,2025-07-23T16:34:48Z,9199292,606729,"Check out MaxJerky here! https://www.maxjerky.com/pages/all-products
â€”â€”â€”â€”â€”
SUBSCRIBE and RING THE BELL to get notified when I post a video!

PLATFORMS
-Snapchat: https://www.snapchat.com/add/maxthemea..."
JBJBLztz_CM,Eat the Balls dammit! @GugaFoods @patrickzeinali #cooking #chef #funny #cooking #viralvideo #yum,Chef Rush,2024-12-14T14:38:03Z,42111766,1360513,...
MPqR0Q4i1D0,Tajio's Ultimate Grand Line Curry Cook-off!ğŸ› #shorts #onepiece #curry #sanji,cookingWITHfred,2024-09-25T15:40:41Z,18584859,1003174,"Don't forget to subscribe to my channel!
https://www.youtube.com/channel/UCJFGFsECyWh0iHRVW2QQSkA?sub_confirmation=1

This video contains a recipe for Tajio's Curry From One Piece! Watch this video fo..."
morRuYfpE5o,Cooking With The Rizzler â€‹â @ItsRizTV,itsQCP,2025-06-07T19:07:00Z,5883107,164813,...
7zIaB6jQADM,I HaTe GaMiNg!!.. So i ate My Setup ğŸ˜¡ğŸ® (Gaming ASMR),Spizee,2025-05-02T13:00:42Z,47228498,440396,...
KCHNB7YZ9PQ,KYA YE SEASON LEGEND HOGA? | ULTIMATE ROYALE OR WHAT | BGMI LIVE,LoLzZz Gaming,2025-10-22T04:06:53Z,250401,26907,"INSTAGRAM - https://www.instagram.com/lolzzzgaming/


BGMI Live  @LoLzZzGaming  
#bgmi #lolz #lolzz #lolzzz #lolzgaming #lolzzgaming #lolzzzgaming #lolzzzgamingyt..."
3A3wvTr5h4Y,Gaming ï¼ Sleep,The Land Of Boggs,2025-05-16T13:00:06Z,35840475,865035,...
h_tpi-qd4aQ,Full Boom Baam Gameplay | Anony Gaming is Live ğŸ”´,Anony Gaming,2025-10-22T18:28:41Z,19303,1754,"Join this channel to get access to perks:
https://www.youtube.com/channel/UCxMjcJPl9SRTGb7ufFMiLCg/join

-----------------------------------------------------------------------------------------------..."
MxSog0rv5Lg,The Game of LifeğŸ®,ISSEI / ã„ã£ã›ã„,2024-10-28T13:00:23Z,214273471,6210424,"Welcome to the energetic and funny ISSEI Channel!!
Please subscribe if you like this videos, and hit the Like button and Share!
Stay tuned for more amazing contents! 

- Smile and Love from Japan -

#..."
ICNtItWYMNE,Double Your Money Every Explosion You Survive,MrBeast Gaming,2025-10-18T16:00:01Z,7855586,232982,"These explosions could cost me millions in cash lol

Run to 7Eleven or Speedway and get the new Feastables Chocolate Milk and Sour Strikes Gummies! ğŸ‘‰ https://fstbls.com/5mj6dv

SUBSCRIBE OR YOU'LL HAV..."
pzm3pJzW8qE,ğŸ”´BAAT CHIT AUR GAMING | JOKER IS LIVE,JokerKiHaveli,2025-10-22T15:04:17Z,56770,6512,"â€¢ Joker Social Media Handles â€¢

ğŸ“·Instagram : https://instagram.com/jokerkihaveli
ğŸ‘»Snapchat : gulrez94
âœ‰ï¸E-mail : jokerkihaveli@8bitcreatives.in
ğŸ®Steam id : gulrez5727

______________________________

..."
GYHUVVtE9xI,GTA 6 Will Start A Console War,Built By Gamers,2025-03-17T19:34:58Z,2671041,128224,"LIKE AND SUBSCRIBE â¤ï¸

ğŸ”—All Links https://beacons.ai/builtbygamers

MERCH
https://shop.builtbygamers.gg

Become an exclusive member of our community to meet us!
https://www.youtube.com/channel/UCkq8pL..."
_N8QSZJAgW0,à¦²à¦¾à¦²à¦¨ à¦®à§‡à¦²à¦¾à¦¯à¦¼ à¦¹à¦¾à¦°à¦¾à¦¨à§‹ à¦šà¦¾à¦šà¦¾à¦¤à§‹ à¦­à¦¾à¦‡ à¦¯à¦–à¦¨ à¦†à¦®à¦¾à¦° à¦®à§à¦¯à¦¾à¦šà§‡ à¦ªà¦¡à¦¼à§‡ | Gaming With Talha,Gaming With Talha Is Back,2025-10-22T14:12:30Z,47325,4623,"à¦²à¦¾à¦²à¦¨ à¦®à§‡à¦²à¦¾à¦¯à¦¼ à¦¹à¦¾à¦°à¦¾à¦¨à§‹ à¦šà¦¾à¦šà¦¾à¦¤à§‹ à¦­à¦¾à¦‡ à¦¯à¦–à¦¨ à¦†à¦®à¦¾à¦° à¦®à§à¦¯à¦¾à¦šà§‡ à¦ªà¦¡à¦¼à§‡ | Gaming With Talha
à¦«à§à¦°à§€ à¦«à¦¾à¦¯à¦¼à¦¾à¦° à¦—à§‡à¦® à¦¶à§‡à¦· | Gaming With Talha

Thanks for watching this Video. Don't forget to like,comment and share with your friends..."
0V37f7NlX-A,BRO FOUND A BUGğŸ˜­ğŸ’€ #roblox #stealabrainrot,Vlad and Chris Gaming,2025-10-13T17:05:51Z,55583641,634107,...
rEn4DJmPRZ8,I Played EVERY Fortnite Rip-Off,Royalty Gaming,2025-04-26T17:29:02Z,4137112,28376,"I Played EVERY Fortnite Rip-Off
ğ’ğ”ğğ’ğ‚ğ‘ğˆğğ„ ğŸ‘‰ â€‹â @RoyaltyGaming1 
ğ’ğ”ğğ’ğ‚ğ‘ğˆğğ„ To Royalty Family ğŸ‘‰ @royaltyfam 

#Ferran #Roblox #TheRoyaltyFamily

BUSINESS INQUIRIES â¡ RoyaltyFamBusiness@Gmail.com

Watch o..."
8ZwhtDXhzUc,I Played Fortnite Using ONLY TEMU Gaming Products,Royalty Gaming,2025-03-08T16:45:33Z,8481895,78078,"I Played Fortnite Using ONLY TEMU Gaming Products
ğ’ğ”ğğ’ğ‚ğ‘ğˆğğ„ ğŸ‘‰ â€‹â @RoyaltyGaming1 
ğ’ğ”ğğ’ğ‚ğ‘ğˆğğ„ To Royalty Family ğŸ‘‰ @royaltyfam 

#Ferran #Roblox #TheRoyaltyFamily

BUSINESS INQUIRIES â¡ RoyaltyFamBusiness@..."
SndtCyADem0,Top 3 Funniest Horror Game Screams (Bro got a whistle voiceğŸ˜­ğŸ’…) #horrorgame #horrorgameplay #funny,Laughing Stock Labs,2025-07-15T13:26:40Z,34099898,1257273,"Top 3 Funniest Horror Game ScreamsğŸ˜­ğŸ’…

Get ready for some side-splitting screams! ğŸ˜‚ We're talking about the absolute Top 3 Funniest Horror Game Screams (Bro got a whistle voiceğŸ˜­ğŸ’…) that will genuinely m..."
9E8ZOWTGyR0,The BEST CO-OP Game Out NOW feat. @bakedbeettv,Kaitiac,2025-03-13T18:00:08Z,24925377,170528,...
OTp-Y73CeZ8,Top 3 best game - top 3 best game offline #games #offlinegames,Gaming review Top,2025-02-22T05:30:16Z,7086063,0,"Top 3 best game - top 3 best game offline #games #offlinegames

#youtubeshorts

#viral

#shorts

#ytshorts

#short

#shortvideo

#humanity

#help

#kindness

#viralshorts

#trendingshorts

#chinesevid..."
saM_Jb8dD-g,AMZING! Aku Berhasil Dapatkan Semua Brainrot Secret Event Terbaru - Roblox Steal A Brainrot,DARLUNG GAMING,2025-10-22T05:45:03Z,121290,2121,"Halo teman - teman semua selamat datang di chanel DARLUNG GAMING

Bagi yang baru mampir ke chanel ini bisa kali untuk pencet tombol SUBSCRIBE dan nyalakan notifikasinya sama LIKE dan SHARE juga supaya..."
bBHUA5uRooI,I got a $550 gaming chair in 2025â€¦ #c#carterpcst#techtechtok #gaming #gamingchair,CarterPCs,2025-10-16T00:02:13Z,1211288,62617,I got a $550 gaming chair in 2025â€¦ #c#carterpcst#techtechtok #gaming #gamingchair...
X3ut6mWfMo8,McDonaldâ€™s HAS A GAMING CONSOLE!,Icycol,2025-04-08T18:09:28Z,1132967,34675,...
JLkiWbv2BE8,Saja Boys in Squid Game,MelosQuest,2025-10-04T18:45:44Z,42277574,536492,"â­Check you this awsome Huntrix T-shirt: https://amzn.to/4q4JGhw

As an Amazon Associate, I earn from qualifying purchases.
#kpopdemonhunters #squidgame 
K-Pop Demon Hunters join Squid Game
KPop Demon ..."
ZI94Tht6zKs,This country has GAMING POLICE? ğŸ˜­,John Casterline,2025-09-18T22:42:36Z,6025211,318887,...
NCkIbF6OhGs,Rod Wave - Leavin (Official Music Video),RodWave,2025-10-13T04:00:07Z,4044343,153582,"Listen To Rod Wave's 'Leavin' Out Now:
https://rodwave.lnk.to/Leavin

Tickets to The Redemption Experience Tour By Rod Wave: https://laylo.com/rodwaveupdates/m/TheRedemptionExperienceTour

Directed by..."
ko70cExuzZM,Taylor Swift - The Fate of Ophelia (Official Music Video),Taylor Swift,2025-10-05T23:00:06Z,67353316,1545799,"The official music video for â€œThe Fate of Opheliaâ€

Stream/download â€˜The Life of a Showgirlâ€™: https://taylor.lnk.to/TSTheLifeofaShowgirl

â–ºSubscribe to Taylor Swift on YouTube: https://ts.lnk.to/subsc..."
eXMwRGlYDBU,Skrilla - Rich Sinners ft. Lil Yachty (Official Music Video),Skrilla,2025-10-17T04:00:38Z,1465200,77943,"Z Tour Tickets available now 
https://inskrillawetrust.com/

Stream ""Rich Sinners"" featuring Lil Yachty: https://Skrilla.lnk.to/RichSinners

#skrilla #lilyachty..."
WXpjnNYhTiQ,HoneyKomb Brazy - Fish and Grits (Official Music Video) Shot By The Director Frazier,Honeykomb Brazy,2025-10-15T14:23:46Z,1604251,53614,"FOLLOW HONEYKOMB BRAZY:
Instagram: https://instagram.com/honeykombbrazy?...
Twitter:   / honeykombbrazy  
Facebook:   / hkbrazy  

#HoneyKombBrazy..."
O_Rc_ujEpFU,Hurricane Wisdom & G Herbo - Clippers (OFFICIAL MUSIC VIDEO),Hurricane Wisdom,2025-10-17T16:00:07Z,622491,26445,"Stream ""Perfect Storm: Sorry 4 The Rain now""! https://openshift.vyd.co/PerfectStormSorry4TheRain 

Directed by @cotto0verdidit
Production Co. @whyblinkfocus
Producer @jerseybtw 

Follow Hurricane Wisd..."
kLXBmzibOD4,It Depends (The Remix),Chris Brown - Topic,2025-10-16T10:04:55Z,1253681,49556,"Provided to YouTube by Chris Brown Entertainment/RCA Records

It Depends (The Remix) Â· Chris Brown Â· Bryson Tiller Â· Usher

It Depends (The Remix)

â„— 2025 Chris Brown Entertainment, under exclusive li..."
omy0Q1dlIUc,Livinâ€™ on Borrowed Time,Breaking Rust - Topic,2025-10-14T08:19:28Z,977594,34322,"Provided to YouTube by DistroKid

Livinâ€™ on Borrowed Time Â· Breaking Rust Â· Aubierre Taylor Â· Aubierre taylor

Livinâ€™ on Borrowed Time

â„— Breaking Rust

Released on: 2025-10-14

Auto-generated by YouT..."
h0Fox1dSghk,Casper Magico  âŒ Anuel AA - La Bebesita (Visualizer),Casper Magico,2025-10-17T00:00:59Z,3620409,154195,"Casper Magico & Anuel AA - La Bebesita (Visualizer)

Escucha *""Los MÃ¡gicos""* en plataformas: https://wml.link/LosMagicos-CasperMagico

SuscrÃ­bete al canal: https://www.youtube.com/CasperMagico?sub_con..."
RBs8QiWChpM,YFN Lucci - PRAYED FOR MY ENEMIES. [Official Music Video],YFN Lucci,2025-10-16T00:00:06Z,1166481,13187,"YFN Lucci - PRAYED FOR MY ENEMIES.

MY ALBUM 'ALREADY LEGEND' OUT NOW!
Download/Stream: https://YFNLucci.lnk.to/ALREADYLEGEND

Subscribe on YouTube - http://bit.ly/YFNLucciYouTube

Follow YFN Lucci:
I..."
GVU9bmt1QK4,CG5 - Locked Away (from Dandy's World),CG5,2025-10-17T22:00:07Z,2439579,136943,"STREAM NOW â–¶ https://cg5.lnk.to/lockedaway
Special thanks to @Qwelver for allowing me to be a part of the Dandy's World universe!

Song by @CG5
Animation by @Jonlanty

Buy exclusive Dandyâ€™s World merc..."
qGzKA3aROGE,Ice Spice - Baddie Baddie (Official Video),Ice Spice,2025-10-15T16:00:06Z,2944104,61388,"Stream & Download Ice Spice ""Baddie Baddieâ€ new single here: 
https://IceSpice.lnk.to/BaddieBaddie

Shop Ice Spice Merch: 
https://IceSpice.lnk.to/Shop

Follow Ice Spice Everywhere:
Twitch: https://ww..."
Zwm0ue_QVa4,"Tom MacDonald - ""Woke World""",Tom MacDonald,2025-10-17T15:59:07Z,2961204,125398,"DOWNLOAD on iTunes: https://geo.itunes.apple.com/us/album/woke-world-single/1846158879?ls=1&app=itunes
ALBUMS & MERCH: http://www.HangOverGang.com

SUBSCRIBE TO THIS CHANNEL &  CONNECT W/ TOM MACDONAL..."
Mxd_lYdo0Gk,Finesse2tymes - Loyalty ova Love [Official Music Video],Finesse2tymes,2025-10-10T04:00:34Z,1408583,37807,"FOLLOW FINESSE2TYMES
Instagram: https://Finesse2Tymes.lnk.to/Instagram
TikTok: https://Finesse2Tymes.lnk.to/TikTok
Twitter: https://Finesse2Tymes.lnk.to/Twitter
Facebook: https://Finesse2Tymes.lnk.to/..."
JXPX9B8GB6I,PIXELATED KISSES,Joji - Topic,2025-10-14T04:03:59Z,2932249,121169,"Provided to YouTube by Virgin Music Group

PIXELATED KISSES Â· Joji

PIXELATED KISSES

â„— 2025 Palace Creek, distributed by Virgin Music

Released on: 2025-10-14

Vocals, Producer: Joji
Recording Engine..."
4tUDedEkBoA,FLY vs G2 | WORLDS 2025 | Swiss,LoL Esports,2025-10-22T13:37:16Z,1343406,9430,"EARN YOUR LEGACY.

The 2025 League of Legends World Championship marks a historic milestone, the 15-year anniversary of LoL Esports. Worlds is the pinnacle of competition, where the best teams from th..."
6dchstqW9ZU,i got banned from steal a brainrot..,steak,2025-10-21T23:06:56Z,900800,15537,"ğŸ¥©â­STAR CODE STEAKâ­ğŸ¥©

ğŸ¥© TALK TO ME: https://discord.gg/dinner ğŸ¥©

SONG USED: https://www.youtube.com/watch?v=3_-a9nVZYjk&pp=ygUKeGVub2dlbnNpcw%3D%3D

FOLLOW ME:
ğŸ¥© TikTok: https://www.tiktok.com/@steakon..."
KN60WTfasm4,steal a brainrot admin abuse,KreekCraft,2025-10-21T23:11:22Z,1787226,25655,"roblox steal a brainrot admin abuse live
âœ… BECOME A MEMBER - https://www.youtube.com/kreekcraft/join
ğŸ§¢ KREEKCRAFT MERCH - https://kreekcraft.store

ğŸ¦ TWITTER - https://twitter.com/kreekcraft
ğŸ“¸ INSTAGR..."
3atmuBhSVws,This was NOT supposed to happen..,Tyler & Snowi,2025-10-21T21:42:01Z,607875,20226,"Adopt Your Own TYLER and SNOWI âœ¨ https://tylerandsnowi.store/ ğŸ‘ˆ Back for a Limited Time â°
Today in Roblox Tyler & Snowi must BECOME 67! ğŸ¤“ğŸ˜± Can we BE A NUMBER and unlock the SECRET 67 MEME?! This NEW R..."
7kkF8KS_AiE,Madden 26 Most Feared Packs Are AMAZING!,MMG,2025-10-21T22:00:18Z,222433,7254,"Use code MMGFB50 to get 50% OFF your first Factor box plus free breakfast for 1 year at https://bit.ly/46zGQbo!

wow, you stud - thanks for clicking this video. quite simply, i cant help but notice ho..."
pVK80X-JgWI,"No, I Am Not Human",Markiplier,2025-10-20T19:31:33Z,1590943,87624,"No, I Am Not Human... even when The Visitors literally tell me they're monsters I just can't help but trust them!
LISTEN TO DISTRACTIBLE â–ºâ–º https://open.spotify.com/show/2X40qLyoj1wQ2qE5FVpA7x
MY COMF..."
OWk4e0oMf-Y,ğŸ”´ LIVE! - NEW UPDATE TONIGHT!! FORTNITEMARES in FORTNITE!,Typical Gamer,2025-10-22T08:20:38Z,137593,1926,"New Fortnite Halloween Fortnitemares update in Chapter 6, Season 4 gameplay with Typical Gamer!
â¤ï¸ SUBSCRIBE! â–º http://bit.ly/SubToTG

Play MY GAMES in FORTNITE! Search ""TypicalGamer"" in Fortnite!
ğŸ”´ S..."
g3DojlUdozk,"Pude salir huyendo, casi me roban repartiendo #charlygalicia #repartidor #moto #motovlog #didifood",Charly Galicia,2025-10-17T02:10:50Z,2261841,132358,...
xg3nKA_sOno,weekly vlog | getting in the fall spirit + they played me BAD + new hair & more! Allyiahsface vlogs,AllyiahsFace,2025-10-19T19:00:57Z,126754,8569,"Hi hoochies! Hope you guys enjoyed this very fall coded week haha, she was a fun one. As always links are below and I'll see you in the next one!


my amazon storefront: https://www.amazon.com/shop/al..."
XnMAXAClTTk,Dollar Tree Ralph Lauren Decor (ALL NEW!) ğŸ Luxury Christmas 2025,Do It On A Dime,2025-10-21T17:58:13Z,103671,8277,"Claim your 10 Free Meals + Free Breakfast for Life by using code DIMEFM at https://bit.ly/3SqtlnX! One free meal per box with active subscription. Free meals applied as discount on first box, new or r..."
nnVT5-IDbS4,CATALINA FINALLY PIERCED HER EARS! +MY BROTHER CAME TO VISIT ME  ,luluxx,2025-10-21T16:07:34Z,78711,3695,"Hola comadres!â¤ï¸

#ollnyHalloweenlights

Ollny Halloween Lightsï¼šhttps://amzn.to/4mmxyX0
Ollny Spider Web Halloween Lights with Batteryï¼šhttps://amzn.to/4ms2Hsc
Ollny RGB Halloween Lights with Clear Wir..."
UZujpX4hYd4,Is that what I think it is? Striking thrift store GOLD! #diy #furnitureflip #restoration,thefurnituredr by lilly ,2025-10-11T13:30:36Z,454619,17896,THRIFTING GOLD ğŸ¥¹ I found this iconic piece for $15 at my local thrift store. I somehow left it there the first time I saw it but couldnâ€™t get it out of my head so of course I went to pick it up the ne...
VjhhLHyTi7o,IT'S FINALLY OFFICIAL!! Huge Photoshoot & Seeing Old Friends,RemLife,2025-10-20T15:01:01Z,126721,4016,"PRE-ORDER MY COOKBOOK HERE!!!
https://www.simonandschuster.com/books/Lets-Get-Cooking/Remi-Cruz-Parsons/9781668066836

CHECK OUT OUR PATREON HERE!! https://www.patreon.com/basicallyunfiltered

SUBSCRI..."
tT1R_hWgQhs,4 hours in Vancouver!! ğŸ§šâ€â™€ï¸ğŸ’›ğŸ™ŒğŸ¼ğŸ’ @TimHortons â€‹â @Sephora @RalphLauren,Lisi Shops,2025-10-18T20:07:40Z,438219,40196,"4 hours in Vancouver!! ğŸ§šâ€â™€ï¸ğŸ’›ğŸ™ŒğŸ¼ğŸ’ Hortons Beauty skin USA

#preppy #lisi #lisishops #ootd #grwm..."
L1OEyx2-ymo,building our mantle & how to make a mood board | MaCenna Lee,"XO, MaCenna Vlogs",2025-10-21T21:26:54Z,72000,6666,Decided to redo our new mantle to make it bigger and better so we are headed to the hardware store and also I got a ton of comments on how I make my mood boards for my room makeovers so I sharing my m...
y6gYAwj6cFQ,Building Our Forever Home in Mexico â¤ï¸ğŸ‡²ğŸ‡½â¤ï¸ Kitchen Countertop Support & Cleaning the School,laguerita70 (laguerita70),2025-10-21T00:01:19Z,68872,6526,Today I wanted to show you all what is happening at our forever homebuild here in Mexico! First we went over to clean the elementary school because it was our turn. Then Fidel shows you how he is buil...
vIaNbcUAKBY,Nutcracker Vlog Cast List Reveal!,Luna Montana,2025-10-21T18:30:59Z,68303,6650,Thank you soooo so much for watching and supporting this Nutcracker journey. I have such a good feeling about this season and I can't wait to document it all! Thank you to Phoenix Ballet and Master Ba...
AIDsAJiLWwo,Izzyâ€™s commentaryğŸ¤£ğŸ¤£ğŸ¤£ I AM GONNA BE A PUMPKIN AND I CANâ€™T WAITğŸ¤­ğŸƒ,Sabriena Abrre,2025-10-20T21:05:41Z,98420,10063,Izzyâ€™s commentaryğŸ¤£ğŸ¤£ğŸ¤£ I AM GONNA BE A PUMPKIN AND I CANâ€™T WAITğŸ¤­ğŸƒ...
HxqPha1-Qa0,We Had to Redo Everythingâ€¦Potential DISASTER,Kelly Hays,2025-10-20T21:38:32Z,72575,9247,"Get 50% off your first box of freshly made, healthy dog food by heading to https://thefarmersdog.yt.link/pLQKlpK or scanning the QR code on screen. Plus, get FREE shipping and 24/7 customer support!

..."
fkvW4KFQZPY,college morning routine â˜… *sophomore year @ sdsu*,Nicole Laeno,2025-10-17T19:00:49Z,258131,12047,"Welcome to my school morning routine as a sophomore in college!! I absolutely LOVE morning & hereâ€™s how I set my days up with âœ¨SUCCESSâœ¨ Come along for healthy habits, workout, life updates grwm, class..."
bh9kaPoEfL4,We Finally Moved Into Our Dream HomeğŸ˜­âœ¨,The Scott Family,2025-10-21T18:19:16Z,67263,3898,"Use code SCOTTFAMFB50 to get 50% OFF your first Factor box + FREE breakfast for 1 year ğŸ‘‰ 
https://bit.ly/3Ivv9uy

ğŸ‰ We Finally Moved Into Our New House! ğŸ¡

After months of renovating, packing, and cha..."
7l3ChFdLwBk,Everywhere I ate this week as a food content creator in NYC,Kaitlyn Lavery,2025-10-21T16:00:18Z,91532,7449,"Everywhere I ate in NYC this past week as a food content creator. Trying some fall donuts, eating cuisines from al over the world and a little bit of everything else in between!

ğŸ“NYC

Follow for more..."
88mlkPHnCIY,"""Poor officer went to jail because of a bee ğŸğŸ’€""|NATIONAL SECURITY(2003)|#edit #shorts",Clinjo AE,2025-10-19T12:56:15Z,14090363,0,"Movie : National security(2003)
Song : Ransom

#NationalSecurity2003 #MartinLawrence #SteveZahn #ComedyEdit #MovieEdit #FunnyScene #HollywoodComedy #ActionComedy #CinematicEdit #MovieMoments..."
xmym1PDn16Q,Mixed-ish | She wants to attract more attention ğŸ˜³,Alva Hand,2025-10-19T17:54:19Z,13997958,605694,...
2propi6g1L0,Mother's Day Gift Guide#shorts,CosmicReel,2025-10-16T09:58:22Z,33607300,2000082,...
RvdA8M0Zc3s,just had a whole living turkey on deck lol,MovieLuxeShorts,2025-10-19T02:36:15Z,11536191,836880,"just had a whole living turkey on deck lol

ğŸ¥ TV show: life in pieces: 
Comedy about one big happy family and their sometimes awkward, often hilarious and ultimately beautiful milestone moments as tol..."
4LPUurdpF-E,It's just really hard to say no to her.#shorts,Light Fade,2025-10-16T13:28:40Z,30374699,1374350,...
41zXV7byYFY,Ever been rejected and then tried again in a different way? This is just weird!,Gemini Gems,2025-10-19T05:45:01Z,7339313,265119,"Ralph Barbosa dives into the bizarre nature of modern communication. With hilarious insights about social media awkwardness, he compares a guy's relentless pursuit to a failed pickup line with a wardr..."
1wXbHsvcLp0,This is a wonderful scene #shorts,Frame Flux,2025-10-15T09:13:03Z,22793410,1597064,...
OIs4CdJ8uE4,#Xurnex2,Xurnex 2,2025-10-16T18:30:32Z,87441332,4502802,"Just a funny moment from a safe gun-practice zone ğŸ˜…
No real violence, just bloopers and comedy!

Funny shooting practice moments â€” comedy compilation, no real harm, just bloopers.


Troll Face Edits, ..."
PBOnEehU-as,Ahren Belisle Destroys Fiona Cauley!!! ğŸ˜‚ğŸ˜‚ğŸ˜‚,Ahren Belisle Comedy,2025-10-20T18:16:18Z,4284989,337726,...
UQQkkRs0O88,This is the best experiment ever #relatablestories #comedy #funnymemes,Tyler Vitelli,2025-10-21T19:26:44Z,4855354,264842,This is a funny meme mixed with storytelling style video about how I had a fun experiment to find a way to open this big Gatorade bottle in the hilarious way. The ending is actually funny!  #storytell...
2zsY5XTiln4,Ranking Funniest Thomas Sanders Vines (Part 58) ğŸ˜‚ #funnymoments,Dr. Rankstein,2025-10-19T01:00:02Z,15637691,424112,"Credit @ThomasSanders 
#vines #thomassanders #viral #nostalgia #oldvines #memories #relatablecomedy #funny #friends #iconic #shortsvideo..."
HMRtguBO1FM,He Humbled Her Perfectly,RealityScope,2025-10-21T03:40:17Z,2623677,112004,...
ZvZrCEtqbqM,bro's so innocent ğŸ˜­ #explore #funny #funnyvideo #trending #viral #love #memes #family,Let's Romantic ,2025-10-19T05:30:18Z,11686007,323030,...
GVGAz7u2QKU,This is a wonderful snippet #shorts,CineMaze ,2025-10-19T09:44:41Z,4790706,389086,...
us9EauvryXg,A 7-year-old genius girl challenges her math teacher on the very first day of school.#movie #edit,FuturePunkÂ Recap,2025-10-17T15:01:44Z,12702876,1193507,"A 7-year-old genius girl challenges her math teacher on the very first day of school.
â¤ï¸ | giftdEdit | KAMIN - EMIN & JONY (TikTok Remix) Slowed #edit

Movie:giftd
Music: EMIN feat. JONY - ĞšĞĞœĞ˜Ğ (TikT..."
tVLoAhIDRT4,Graham Elliot Reminds Everyone Why Heâ€™s the Judge ğŸ”¥,Pure Moments,2025-10-21T03:48:37Z,12875356,617929,"""In MasterChef, Graham Elliot competed alongside the contestants, cooking with the same ingredients and time limit. When everyone saw his dish, both the judges and the audience finally understood why ..."
6rqPsyyE79o,If this was your daughter would you be proud?,Kyiioshin Files,2025-10-21T06:11:51Z,7021516,472337,...
7OvwC_oF8jE,Can You Outrun Night Forever? ğŸ¤”,Zack D. Films,2025-10-19T17:30:02Z,13248707,1409052,...
6pExih1vOZk,Ranking The Cutest Incredible Dog Saves ğŸ•ğŸ”—ğŸ•â€ğŸ¦º,PrimeRankX,2025-10-19T11:00:10Z,18231503,694309,"#funny #ranking #fails #primerankX

Which one is your favourite? Tell us in the comments Section below!..."
ckbqRBbyVPY,Try Not To Laugh Challenge 141ğŸ˜‚ğŸ¤£ #funny #shorts #viral,Saboor,2025-10-18T19:53:16Z,8177311,560666,Try Not To Laugh Challenge 141ğŸ˜‚ğŸ¤£ #funny #shorts #viral...
Y0pr_rosub0,Itâ€™s almost time,Mind Blown Magic Illusion,2025-10-17T20:56:48Z,28022329,744992,...
